Topic,Count,Representation,Representative_Docs
-1,1715,"['co2', 'klimaschutz', 'klima', 'nrw', 'energiewende', 'nordrhein', 'klimawandel', 'klimaschutzziele', 'deutschland', 'erreichen', 'klimaschutzgesetz', 'landesregierung']","['Aber da es den Klimawandel auch nicht gibt, sind Sie in 50 bis 100 Jahren immer noch gut dabei.', 'Den gibt es nämlich für das Erreichen der Klimaschutzziele 2030.', 'Wir wollen alle gemeinsam den CO2-Ausstoß in Nordrhein-Westfalen, in Deutschland, in Europa und auf der ganzen Welt senken.']"
0,217,"['kohleausstieg', 'kohleausstiegsgesetz', 'kohleausstiegs', 'strukturwandel', 'strukturstärkungsgesetz', 'kohlekommission', 'kommission', '2030', 'kompromiss', 'grundlage', 'konsens', 'entscheidung']","['Sorgen Sie für einen Kohleausstieg.', 'Wir brauchen endlich einen Kohleausstieg.', 'Dafür brauchen wir unter anderem einen Kohleausstieg.']"
1,207,"['klimawandel', 'klima', 'klimawandels', 'auswirkungen', 'klimakrise', 'erderwärmung', 'angekommen', 'klimakatastrophe', 'wetter', 'bedrohung', 'geändert', 'sommer']","['Wir erleben derzeit schon die Auswirkungen des Klimawandels bei einer Erderwärmung von 1,2 Grad im Vergleich zur vorindustriellen Zeit.', 'Ja, es gibt einen Klimawandel.', 'Der Klimawandel und die Folgen.']"
2,121,"['energiewende', 'menschen', 'ausbau', 'netzausbau', 'schaffen', 'zukünftig', 'bürger', 'bevölkerung', 'funktionierende', 'umweltverträglichkeit', 'energieminister', 'diskussion']","['Wir tun etwas für die Energiewende.', 'Dann schaffen wir auch das mit der Energiewende.', 'Doch weiter mit der Energiewende.']"
3,110,"['co2', 'emissionen', '2030', 'reduzieren', 'reduziert', 'weniger', 'tonnen', 'reduktion', 'einsparung', '2050', 'einsparungen', 'einsparen']","['Deswegen setzen wir im Klimaschutzgesetz 55 % CO2-Einsparung bis 2030 und Klimaneutralität bis 2050 um.', 'Die CO2-Emissionen sollen bis 2030 um 55 % im Vergleich zu 1990 reduziert werden.', 'Bereits im Jahr 2030 wollen wir den CO2 Ausstoß um 55 % reduziert haben und bis 2050 wollen wir zu 100 % klimaneutral sein.']"
4,94,"['verkehrswende', 'umfassende', 'städten', 'nahverkehr', 'debatte', 'brauchen', 'mobilitäts', 'breiter', 'weshalb', 'verdoppelung', 'weitestgehend', 'braucht']","['Die Frage ist also nicht, ob wir die Verkehrswende machen, sondern es geht darum, dass wir sie endlich machen.', 'Es ist ein Beitrag zu einer umfassenden Verkehrswende.', 'Das ist für eine umfassende Verkehrswende notwendig.']"
5,89,"['klimaschutz', 'schutz', 'wichtig', 'umwelt', 'wassernutzung', 'schützen', 'klima', 'handlungsbedarf', 'lebensgrundlagen', 'klimaschutzpaket', 'umweltschutz', 'klimabilanz']","['Das heißt also, wir möchten die Natur und die Umwelt bewahren und den Menschen schützen und ihm eine lebenswerte Umwelt bieten, ohne dass er von allen möglichen Leuten abgezockt wird, weil Sie hier die Angst vor irgendeiner Klimaänderung schüren, die der Mensch verursacht haben soll.', 'Die Mittel sollen für mehr Wasserschutz, den Schutz der Biodiversität, der Bodenfruchtbarkeit, der Bestäuber, der Humusschicht, des Klimas und ganz besonders für Tierwohlleistungen eingesetzt werden.', 'Zum Schutz und zur frühzeitigen Warnung der Bevölkerung sind daher die Optimierung der Hochwasserrisikomanagementplanung, die Schaffung neuer, an den Klimawandel angepasster Hochwasserkarten, die flächendeckende Erarbeitung von kommunalen und regionalen Starkregenkonzepten und die Stärkung der Kommunen und Kreise in diesem Bereich zwingend notwendig.']"
6,83,"['co2', 'steuer', 'euro', 'lenkungswirkung', 'einnahmen', '180', 'monaten', 'belastung', 'effekten', 'transportzeiten', 'mehrbelastung', 'kosten']","['Der CO2-Preis ist im Energiesektor lange Jahre bei 10 bis 20 Euro gewesen, jetzt liegt er bei 50 bis 60 Euro pro Tonne CO2 .', 'Die CO2-Steuer soll auf 180 Euro pro Tonne steigen.', 'Bei der CO2-Steuer bestimmt die Politik den Preis für den Ausstoß einer Tonne CO2 .']"
7,79,"['kommunen', 'stadtentwicklung', 'kommunalen', 'städte', 'kommune', 'klimafolgenanpassung', 'klimagerechter', 'kommunaler', 'klimaanpassungskonzepte', 'gemeinden', 'klimawandels', 'anpassung']","['Das sind doch konkrete Maßnahmen, um den kommunalen Klimaschutz zu fördern.', 'Im Bereich des Klimaschutzes fördern Städte, Gemeinden und Kreise eine nachhaltige Flächennutzung – ich erinnere nur an Ihre Entscheidung zum LEP –, eine umweltverträgliche Wasserversorgung und Abwasserbehandlung und eine effiziente Abfallund Ressourcenwirtschaft.', 'Im Bereich des Klimaschutzes fördern die Städte, Gemeinden und Kreise die nachhaltige Flächennutzung, eine umweltverträgliche Wasser- und Abwasserbehandlung, eine effiziente Abfall- und Ressourcenwirtschaft sowie eine nachhaltige Beschaffung.']"
8,65,"['nordrhein', 'westfalen', 'energiewende', 'europas', 'industriestandort', 'deutschen', 'klimafreundlichsten', 'deutschland', 'klimafreundliche', 'energieland', 'energie', 'geothermie']","['Aber auch hier gibt es die eine oder andere Leerstelle, wenn es darum geht, wo die Finanzierung zukünftig gesichert werden soll, wenn es darum geht, die Abgrenzung Richtung Agrarpolitik vorzunehmen, und wenn es darum geht, die Herausforderungen der Zukunft – die Digitalisierung sowie die Energiepolitik und die Klimapolitik habe ich schon genannt – für Nordrhein-Westfalen stärker zu beschreiben.', 'Aber auch hier gibt es die eine oder andere Leerstelle, wenn es darum geht, wo die Finanzierung zukünftig gesichert werden soll, wenn es darum geht, die Abgrenzung Richtung Agrarpolitik vorzunehmen, und wenn es darum geht, die Herausforderungen der Zukunft – die Digitalisierung sowie die Energiepolitik und die Klimapolitik habe ich schon genannt – für Nordrhein-Westfalen stärker zu beschreiben.', 'Nordrhein-Westfalen soll zum modernsten und klimafreundlichsten Energie- und Industriestandort Europas werden.']"
9,59,"['pariser', 'klimaabkommen', 'paris', 'klimaschutzabkommen', 'klimaschutzziele', 'klimaschutzabkommens', 'weltklimakonferenz', 'europäische', 'klimakonferenz', 'klimaziel', 'klimazielen', '2020']","['Damit bekennen wir uns zum Pariser Klimaschutzabkommen und zum dort vereinbarten Ziel.', 'Ohne die Europäische Union gäbe es dieses Klimaabkommen nicht, weil lange Einübungszeiten in der Diplomatie maßgeblich dazu geführt haben, dass die Europäische Union das Klimaziel in Paris verankert hat.', 'Er könnte sich nicht nur zu den Pariser Klimazielen bekennen, sondern auch wirklich etwas dafür tun, damit wir diese erreichen.']"
10,58,"['euro', 'haushaltsmittel', 'milliarden', '2017', 'verfügung', '100', 'geld', '2022', 'klimaschutz', 'kommunalen', 'kommunalerklimaschutz', 'energieministerium']","['Mit Verweis auf das Sondervermögen bzw. das Nordrhein-Westfalen-Programm I werden weitere 72 Millionen Euro für progres.nrw, 50 Millionen Euro für Elektromobilität und 50 Millionen Euro für Klimaschutz im Gebäudebereich in Aussicht gestellt.', 'Im nächsten Haushalt stehen 10 Millionen Euro für kommunalen Klimaschutz, 11 Millionen Euro für die Energieforschung zum Beispiel in Bezug auf Wasserstoff, 29 Millionen Euro Kofinanzierung für Maßnahmen im Rheinischen Revier und weitere 174 Millionen Euro für Verpflichtungsermächtigungen für diese große Aufgabe.', 'Seit 2017 haben wir die Haushaltsmittel für Klimaschutz versiebenfacht und im Haushalt 2022 auf 348 Millionen Euro erhöht.']"
11,58,"['klimaanpassungsgesetz', 'klimaschutzgesetz', 'klimapolitischen', 'anpassen', 'klimaschutzgesetzes', 'gesetz', 'diskussionsbeitrag', 'hygieneampel', 'landesabfallgesetz', 'verbesserungsvorschläge', 'koalitionsvertrag', 'lieferkettengesetz']","['Aber gleichzeitig wird von der Bundesregierung und insbesondere von der Bundeskanzlerin ein Handelsabkommen forciert, das das Thema „Nachhaltigkeit und Klimaschutz“ sozusagen in den Annex schiebt, ohne dass es eine gewisse Verbindlichkeit bekommt, während die Öffentlichkeit in Deutschland und Europa mit den schrecklichen Bildern der brennenden Regenwälder im Amazonas, die wir derzeit im Fernsehen sehen müssen, konfrontiert wird und zu Recht auf Zusammenhänge aufmerksam gemacht wird.', 'Allein 2021 hat sie beispielsweise mit den Stellungnahmen zum Lieferkettengesetz, zum Landesabfallgesetz, zum Klimaanpassungsgesetz des Landes und zum geplanten Basisdatenregister für Unternehmen wichtigen Input geleistet, Verbesserungsvorschläge gemacht und damit zur Entlastung des Mittelstands beigetragen.', 'Allein 2021 hat sie beispielsweise mit den Stellungnahmen zum Lieferkettengesetz, zum Landesabfallgesetz, zum Klimaanpassungsgesetz des Landes und zum geplanten Basisdatenregister für Unternehmen wichtigen Input geleistet, Verbesserungsvorschläge gemacht und damit zur Entlastung des Mittelstands beigetragen.']"
12,57,"['herausforderungen', 'herausforderung', 'klimakrise', 'transformation', 'coronapandemie', 'bewältigung', 'krisen', 'digitalisierung', 'klimanotstand', 'coronakrise', 'wirtschaftlich', 'weltweite']","['Die Energiewende und die Transformation zu einer klimaneutralen Industrie stellen uns nämlich vor riesige Herausforderungen.', 'Wir stehen vor Herausforderungen beim Thema „Digitalisierung“, vor Herausforderungen beim Thema „Klimawandel“ sowie vor zahlreichen Herausforderungen, insbesondere in Deutschland, was den internationalen Wettbewerb angeht.', 'Wir haben große Herausforderungen beim Klimaschutz.']"
13,55,"['industrie', 'klimaschutz', 'wirtschaft', 'wirtschaftswachstum', 'arbeitsplätze', 'klimaschützer', 'industriepolitik', 'unternehmen', 'ökologischer', 'konjunkturprogramm', 'exportieren', 'politik']","['Den mehrjährigen Finanzrahmen wollen wir in unserem konkreten Interesse verhandelt wissen für die Programme zur regionalen Entwicklung, für uns Unternehmen, für den Strukturwandel und im Dienste des Klimaschutzes, aber auch im Dienst zukunftsfester Arbeitsplätze im Schlagschatten des Ausstiegs aus Kernenergie und Kohleverstromung.', 'Herr Untrieser, wenn Sie sich so mit der Wirtschaft beschäftigen würden, wüssten Sie, dass viele Unternehmerinnen und Unternehmer die Stiftung 2° gegründet haben und uns alle in der Politik auffordern, dass das Konjunkturprogramm ganz starke klimapolitische Akzente haben sollte und wir diese Fragen ernst nehmen sollten.', 'Es ist gerade im Zuge der globalen Entwicklungen wie der Handelsstreitigkeiten aufgrund von Ungleichheiten im Welthandel, der umkämpften Technologieführerschaft in Zukunftsbranchen und der globalen Herausforderungen des Klimaschutzes von zentraler Bedeutung, eine aktiv gestaltende Industriepolitik unter Berücksichtigung sozialer und ökologischer Anforderungen voranzutreiben.']"
14,54,"['verkehrssektor', 'verkehrspolitik', 'verkehrs', 'luftverkehr', 'mobilität', 'verkehr', 'luftreinhaltung', 'reisen', 'klimafreundlichen', 'radverkehr', 'alternative', 'klimaschutz']","['Wir wissen alle miteinander, dass der Verkehrssektor im Gegensatz zu allen anderen zentralen Sektoren dieser Gesellschaft – ob es die Unternehmen sind, ob es die Haushalte sind, ob es die energieerzeugende Wirtschaft ist etc. – der einzige Bereich ist, der seit 1990 keinen Rückgang beim Ausstoß von klimaschädlichen Gasen hat.', 'Selbstverständlich muss auch der Verkehrssektor einen angemessenen Beitrag zur Erreichung der nationalen Klimaziele leisten.', 'Der Verkehrssektor wird in der Zukunft einen enormen Beitrag zum Klimaschutz leisten müssen.']"
15,49,"['dauert', 'endlich', 'reicht', '2008', 'finanzkrise', 'müsste', 'klimawandel', 'klimaschutz', 'klimaveränderungen', 'krisen', 'reden', 'grünen']","['Wenn wir uns doch eigentlich einig darin sind, dass wir beim Klimaschutz jetzt endlich einen Zahn zulegen müssen, weil die Zeit drängt, dann müsste Ihnen doch auch klar sein, dass wir klimapolitisch keine Zeit für den Umweg über den blauen Wasserstoff haben.', 'Klimaschutz ist aber nicht plötzlich ein Thema, wie es der Ministerpräsident erst neulich gesagt hat, sondern eine Aufgabe, die schon viel zu viele viel zu lange auf die lange Bank geschoben haben, als hätten wir noch ewig Zeit.', 'Dann dauert es nicht mehr lange, bis wir „Elter 1“ oder „Elter 2“ statt „Vater“ oder „Mutter“ sagen müssen, und dann dauert es auch nicht mehr lange, bis wir all die grünen Dogmen vom menschengemachten Klimawandel bis zur Genderideologie nicht einmal mehr diskutieren dürfen.']"
16,48,"['grünen', 'grüne', 'green', 'deal', 'infrastruktur', 'schulinfrastruktur', 'zukunftspakt', 'grüner', '2050', 'radwege', 'digitalisierung', 'politik']","['Grüne Infrastruktur soll um blaue Infrastruktur ergänzt werden – ein Anliegen, das die Architektenkammer Nordrhein-Westfalen in der Anhörung zum Klimaanpassungsgesetz mit Nachdruck vorgetragen und daraus gleich die dreifache Innenentwicklung mit grünblauer Infrastruktur abgeleitet hat.', 'Wir Grüne haben genau da angesetzt und mit unseren Änderungsanträgen einen grünen Zukunftspakt vorgelegt, der mit nachhaltigen Investitionen Konjunkturimpulse in Verbindung mit der Bewältigung der Klimakrise setzt – Schulinfrastruktur, Digitalisierung, Radwege, Klimaschutzmaßnahmen.', 'Wir haben einen Grünen Zukunftspakt NordrheinWestfalen vorgeschlagen mit Investitionen in die Schulinfrastruktur, mit Vorschlägen zur Digitalisierung unserer Hochschulen, mit einer klimaneutralen Landesverwaltung, mit Klimaschutz in den Kommunen und für Radwege.']"
17,48,"['windenergie', 'windkraft', 'energiewende', 'sozialdemokraten', 'windenergieanlagen', 'windindustrieanlagen', 'windenergieausbau', 'windkraftausbau', 'wind', 'sozialdemokratinnen', 'windräder', 'reden']","['Daher ist es für uns Sozialdemokratinnen und Sozialdemokraten enorm wichtig, dass wir bei der Energiewende nicht nur über Investoren reden, sondern all diejenigen im Blick haben, die mit ihrer Stromrechnung zur Energiewende beitragen.', 'CDU und FDP werden den Windenergieausbau wieder in geordnete Bahnen lenken, um die Akzeptanz der Menschen für die Energiewende insgesamt und gerade auch für die Windenergie wiederherzustellen.', 'Die Windenergie ist wichtig, damit wir unsere Klimaschutzziele erreichen.']"
18,48,"['nrw', 'koalition', '2040', '2030', 'nrwkoalition', 'klimaschutzgesetz', 'klimaschutzzielen', 'klimaschutzgesetzes', '2016', 'legislaturperiode', 'klimaziels', 'grün']","['Mit dem neuen Klimaschutzgesetz NRW haben wir das ambitionierteste Klimaschutzgesetz aller Bundesländer auf den Weg gebracht – 2030 minus 65 %, 2040 minus 88 %, 2045 Klimaneutralität.', 'Diese NRW-Koalition hat sich von Beginn an zum Klimaschutz und zu den Pariser Klimaschutzzielen bekannt.', 'Die Neufestlegung von Treibhausgasminderungszielen für 2030 und 2040 sowie die Anpassung des Klimaziels für 2045 ist ein klares Bekenntnis der NRWKoalition zum Klimaschutz und zu den Pariser Klimaschutzzielen.']"
19,45,"['co2', 'holzverbrennung', 'atmosphäre', 'verursacht', 'verbrennung', 'tonnen', 'gas', 'ausstoß', 'massiv', 'düngeeffekt', 'helium', 'gestiegenen']","['Sicherlich braucht dies einige bauliche Veränderungen im Bereich der Betäubung der Tiere – CO2 sinkt nach unten, Helium steigt nach oben –, aber diese Veränderung ist vertretbar.', 'Heizen mit Öl – das hatten wir eben schon gehört – verursacht bis zu 400 g CO2 pro KWh, während dies beim Heizen mit Holz nur etwa 20 bis 40 g CO2 sind.', 'Die Verbrennung von Gas zur Energiefreisetzung ist ja ein Oxidationsvorgang, der immer darin endet, dass das Ganze in CO2 umgewandelt wird.']"
20,39,"['energien', 'erneuerbaren', 'ausbau', 'erneuerbare', 'energieversorgung', 'fossilen', 'brauchen', 'klimaneutrale', 'geothermie', 'erneuerbarer', 'voranzutreiben', 'energieversorgungsstrategie']","['Daher ist es wichtig, den Ausbau der erneuerbaren Energien weiter voranzutreiben und damit den Ausstoß an Treibhausgasemissionen noch stärker zu reduzieren.', 'Uns beschleicht hier die Frage, warum bei einer Energieversorgungsstrategie, die auf Klimaschutz und damit auf erneuerbare Energien ausgerichtet sein soll – darüber steht viel im Vorwort –, ausgerechnet der Ausbau der erneuerbaren Energien erst an elfter Stelle von 17 Handlungsfeldern steht.', 'Ich möchte zumindest den Hinweis geben, dass der Ausbau erneuerbarer Energien am Ende den Lackmustest für den Erfolg der Energiewende bieten wird, und zwar sowohl der Ausbau der Energien selber als auch der Ausbau der Netze und Speicher, damit die erneuerbaren Energien hinterher ihre Wirkung im Netz entfalten können.']"
21,38,"['emissionshandel', 'zertifikatehandel', 'europäischen', 'emissionshandels', 'europäische', 'zertifikaten', 'co2', 'marktpreis', 'emissionshandelssystem', 'emissionshandelssysteme', 'zertifikate', 'energiewirtschaft']","['Genau diese europäische Lösung haben wir bereits, zumindest in dem Teil Europas, der von der EU diktiert wird, denn es gibt den EUweiten Zertifikatehandel mit CO2 .', 'Seit rund 14 Jahren existiert nun der europäische Emissionshandel.', 'Seit rund 14 Jahren existiert der europäische Emissionshandel.']"
22,37,"['energiewende', 'gescheitert', 'funktioniert', 'scheitern', 'erneuerbaren', 'land', 'erfolgreich', 'forschungsbereich', 'energietransport', 'hindert', 'glühbirne', 'sinnvolles']","['Das Projekt ist in seiner aktuell geplanten Dimensionierung sicher ein sinnvolles Energieforschungsprojekt, aber es wird zunächst weder wesentliche Beiträge zur Energiewende noch zur Beschäftigung leisten.', 'Diese technisch nun wirklich absolut unfähige Kommission hat – es muss die göttliche Eingebung gewesen sein – gesagt, dass wir zum Gelingen der Energiewende unseren Strom für zwölf Tage speichern müssen.', 'Wenn wir dieses Land erfolgreich in eine Energiewende führen, aber am Ende die Wirtschaftlichkeit nicht betrachtet wird, wenn am Ende die Industrie weg sein sollte, wenn am Ende der Wohlstand weniger geworden ist, dann wird kein Land der Erde unserem Weg folgen.']"
23,37,"['leugnen', 'klimawandel', 'verstanden', 'menschengemachten', 'klimaleugnung', 'natürlichen', 'leugnung', 'frühjahr', 'demokratischen', 'klimawandels', 'gesprochen', 'klimagläubigen']","['Den Klimawandel leugnen, so wie Sie?', 'Der Klimawandel ist real, meine Damen und Herren von der AfD. Solange Sie das nicht anerkennen, weitere Fakten verfälschen und seriösen Forschern die Worte im Mund umdrehen, werden Sie in diesem Hause und in anderen Orten der Demokratie kein Gehör finden.', 'Wer eben zugehört hat, hätte mitbekommen, dass ich in meiner Rede eben permanent davon gesprochen habe, dass die AfD den menschengemachten Klimawandel leugnet.']"
24,35,"['innovation', 'digitalisierung', 'innovationen', 'roadmap', 'innovativen', 'klimafreundlichen', 'digitale', 'moderne', 'modernisierungskurs', 'mittelstandsförderung', 'energiezukunft', 'bürokratieabbau']","['Wir stellen seine Chancen in den Mittelpunkt für die Menschen und vor allem für das Klima, den Klimaschutz in unserem Land, für eine digitale Wirtschaft, die die Digitalisierung endlich als Motor des Klimaschutzes betrachtet, für neue, moderne Arbeitsmodelle, in denen es kein digitales Lumpenproletariat gibt, für eine digitale Demokratie, die die Menschen online wie offline mitnimmt, und für eine smarte Heimat, in der niemand abgehängt wird.', 'Der Modernisierungskurs mit Schwerpunkt Bürokratieabbau, Mittelstandsförderung, Digitalisierung, Klimaschutz und Innovation wurde konsequent umgesetzt.', 'Der 2017 begonnene Modernisierungskurs mit den Schwerpunkten Bürokratieabbau, Mittelstandsförderung, Digitalisierung, Klimaschutz und Innovation wurde konsequent umgesetzt.']"
25,34,"['2050', 'klimaneutral', 'klimaneutralität', 'neutral', '2045', 'produzieren', '2030', '2035', 'treibhausgasneutral', 'gebäude', 'jahr', 'raffinerieproduktion']","['China soll bis zum Jahre 2050 CO2 neutral sein.', 'Bis 2050 soll der Verkehr klimaneutral sein.', 'Bis 2050 – das habe ich gerade schon erläutert, so das Ziel der EU-Kommission – soll die europäische Industrie nahezu klimaneutral produzieren.']"
26,32,"['co2', 'klimaschädlichen', 'außerhalb', 'bereiche', 'sektor', 'verkehrssektor', 'reduziert', 'gefährliches', 'debattiert', 'emissionsbudget', 'klimasensitivität', 'solarmodul']","['Sie alle wissen – wir haben es bereits intensiv debattiert –, dass im Verkehrsbereich bei den klimaschädlichen Emissionen bislang noch nicht ansatzweise die Einsparungen erbracht worden sind, die notwendig wären.', 'Und auch im Bereich der Verkehrspolitik – das ist der einzige Bereich, in dem es in den letzten 25 Jahren Zuwächse bei den klimaschädlichen Gasen gegeben hat – gibt es keine Anzeichen dafür, dass Sie zentrale Maßnahmen einleiten, um diese Klimaschutzziele zu erreichen.', 'Ich habe gesagt, dass es zwei Bereiche gibt, nämlich den Mobilitätssektor und die Wohnungswirtschaft oder den Wohnungssektor, in denen die Klimaschutzziele in den letzten Jahren und Jahrzehnten bisher unterdurchschnittlich erreicht worden sind.']"
27,31,"['gebäudesektor', 'barrierefreiheit', 'gebäuden', 'häuser', 'denkmalschutzgesetz', 'wohnungsbaus', 'bauen', 'einsparpotenziale', 'gebäudebestand', 'wohnraum', 'klimafreundliches', 'gebäudebereich']","['Die Interessenvertreter der mittelständischen Wohnungswirtschaft beim BFW haben Zweifel angemeldet und sogar gewarnt, wenn die Mieten zu sehr gedrosselt würden, sei die notwendige Modernisierung kaum möglich, um CO2 zu sparen und den Anstieg der Heizkosten zu dämpfen.', 'Das modernisierte Denkmalschutzgesetz des Landes „ist eine Lösung, um den Interessen des Denkmalschutzes einerseits gerecht zu werden, aber auch die Belange des Wohnungsbaus, des Klimas, des Einsatzes erneuerbarer Energien sowie der Barrierefreiheit angemessen zu berücksichtigen.“', 'Das modernisierte Denkmalschutzgesetz des Landes „ist eine Lösung, um den Interessen des Denkmalschutzes einerseits gerecht zu werden, aber auch die Belange des Wohnungsbaus, des Klimas, des Einsatzes erneuerbarer Energien sowie der Barrierefreiheit angemessen zu berücksichtigen.“']"
28,30,"['westfalen', 'nordrhein', 'deutschland', 'ökonomisch', 'rheinischen', 'industrie', 'klimaschutz', 'weltklima', 'unternehmen', 'stadt', 'welt', 'deutsche']","['Gewonnen wird es nicht durch das Festsetzen neuer Zahlen, sondern dadurch, dass wir es schaffen, in Nordrhein-Westfalen ein industrielles Beispiel zu liefern, wie Klimaschutz funktionieren kann, was sich dann ökonomisch in die Welt hinausträgt.', 'Sie sind auch für den Klimaschutz entscheidend, da wir in Deutschland und in Nordrhein-Westfalen eine besondere Verantwortung dafür tragen zu zeigen, dass die Energiewende möglich ist, die den Klimaschutz mit energiewirtschaftlicher Verlässlichkeit und einer starken Volkswirtschaft verbindet.', 'Das sind nicht nur Zahlenspiele, sondern wir reden darüber – Ihr Bundesvorstandsmitglied Thomas Kufen hat Ihnen das sicher ins Stammbuch geschrieben –, dass wir in vielen Städten in Nordrhein-Westfalen Klimainvestitionen tätigen und Schulen, Kultureinrichtungen und vieles andere finanzieren müssen.']"
29,29,"['weder', 'wirtschaftspolitik', 'hilft', 'klimaschutz', 'passiert', 'klima', 'hoffnung', 'täuscht', 'klimaanpassungen', 'entschluss', 'verantwortungsvolle', 'verlierer']","['Damit wäre dem Klimaschutz insgesamt nicht geholfen.', 'Dem Klima ist damit nicht geholfen.', 'Damit ist dem Klima nicht geholfen.']"
30,29,"['wasserstoff', 'hergestellt', 'möglichkeit', 'wasserstoffwirtschaft', 'chemieindustrie', 'guter', 'produktion', 'klimafreundlichen', 'rolle', 'regenerativ', 'grundstoffe', 'gases']","['Wasserstoff, der klimafreundlich hergestellt ist, steht im Fokus.', 'Es gibt grauen Wasserstoff, der klassisch hergestellt wird, und blauen Wasserstoff, bei dem CO2 eingelagert wird.', 'Den Wasserstoff brauchen Sie auch alle für die Energiewende.']"
31,28,"['deutschland', 'bundesrepublik', 'entwicklungsland', 'deutschen', 'berlin', 'risiko', 'westfalen', 'nordrhein', '2013', 'klimaschutzzielen', 'randstreifenregelungen', 'erftstadt']","['Wenn du mit Söder und mit Seehofer verhandeln musst, gehört dir die Solidarität der SPDFraktion, denn da scheitern wichtige Maßnahmen im Bau- und im Verkehrsbereich und nicht an der Ministerin, die versucht, Klimaziele für alle Sektoren zu organisieren, wie wir sie notwendigerweise auch im Land brauchen.', 'Die EU hat nach der Vorlage des deutschen Berichts im Sommer 2012 in einem Aufforderungsschreiben 2013 und einer mit Gründen versehenen Stellungnahme 2014 unter anderem die zu geringen Sperrzeiten, unzureichende Randstreifenregelungen für Hanglagen, die Nichtberücksichtigung bodenklimatischer Regionen und den betrieblichen Nährstoffüberschuss von 60 kg je Hektar bemängelt.', 'In Bielefeld wären etwa 65.000 Menschen betroffen, in Minden 30.000 und in Gütersloh 25.000. Durch den fortschreitenden Klimawandel wird sich die Anzahl der betroffenen Menschen bis Mitte des Jahrhunderts verdreifachen.']"
32,25,"['klima', 'positiv', 'gesichtspunkten', 'klimatischen', 'leben', 'wäre', 'aufenthaltsqualität', 'klimata', 'beliebt', 'wandelnden', 'wundermedizin', 'klimaglückseligkeit']","['Wenn es darum geht, junge Leute dauerhaft für das Leben auf dem Dorf zu begeistern, dann kann Aufenthaltsqualität, die mit Blick auf die sich wandelnden klimatischen Verhältnisse geschaffen wird, ein besonders wichtiger Standortfaktor sein.', 'Unter klimatischen Gesichtspunkten wäre das sicherlich positiv.', 'Unter klimatischen Gesichtspunkten wäre das sicherlich positiv.']"
33,25,"['debatte', 'debatten', 'kritisch', 'klimaretter', 'wichtiges', 'thema', 'politischen', 'leugnen', 'klimawandel', 'reduziert', 'sagen', 'kinderbildungspolitik']","['Zu kurz gesprungen ist es insofern, als dass damit alle anderen politischen Handlungsfelder hintangestellt bzw. auf „Klimakiller“ oder „Klimaretter“ reduziert würden.', 'Wenn wir hier eine breite gesellschaftliche Debatte zum Tierwohl führen, sind wir uns, wie ich hoffe, alle darüber einig, dass in diesem fairen Dialog kein Platz für Alleingänge und Kampagnen selbst ernannter Tierschützer und Aktivisten ist, die etwa mit Stalleinbrüchen oder anderen Verstößen gegen das geltende Recht Existenzen bedrohen, das Diskussionsklima vergiften und dem Tierschutz damit einen Bärendienst erweisen.', 'Zu kurz gesprungen ist es insofern, als dass damit alle anderen politischen Handlungsfelder hintangestellt bzw. auf „Klimakiller“ oder „Klimaretter“ reduziert würden.']"
34,24,"['klimaneutralen', 'treibhausgasneutralen', 'wirtschaft', 'klimaneutrale', 'industrie', 'industrieland', 'klimaneutral', 'energieerzeugung', 'neutral', 'raffineriebereich', 'planungsmöglichkeiten', 'landesinitiative']","['Die große Transformation ist ein staatlich erzwungener Prozess zur sogenannten klimaneutralen Wirtschaft.', 'Es sollen unseres Erachtens auch Regionen außerhalb der Braunkohlereviere profitieren, die wegen des Übergangs zur klimaneutralen Wirtschaft mit großen sozioökonomischen Herausforderungen konfrontiert sind.', 'Um die Entwicklung einer treibhausgasneutralen Industrie voranzutreiben, bündeln wir in der von uns gestarteten Landesinitiative IN4climate das bestehende Knowhow aus Wirtschaft und Wissenschaft, um die notwendigen Rahmenbedingungen für klimafreundliche Technologien in 2030 zu ermöglichen.']"
35,23,"['stahlproduktion', 'thyssenkrupp', 'klimaneutralen', 'herstellung', 'produzierende', 'nordschweden', 'grünem', 'klimaneutrale', 'wasserstoff', 'kreislaufökonomie', 'klimafreundlicheren', 'stahlproduktionen']","['Klimaneutrale Herstellung von Stahl ist möglich, wobei sich die physikalische Art der klimaneutralen Stahlherstellung zwischen Schweden und dem, was thyssenkrupp Steel macht, erheblich unterscheidet.', 'Herr Pinkwart, Sie sprechen von thyssenkrupp und vom klimaneutralen Stahl.', 'Sie wollen eine CO2 neutrale Produktion von Stahl, obwohl Sie wissen, dass der Stahl damit viel teurer wird.']"
36,23,"['erreicht', 'klimaziele', 'klimaschutzziele', 'erreichen', 'einhalten', 'somit', '2020', 'verlängerung', 'pure', 'neufahrzeuge', 'erdklima', 'ungenügend']","['Zweitens ist aber auch richtig, dass er dazu beigetragen hat, dass die CO2-Ziele, die bis 2020 nicht erreicht werden, die Klimaziele, die bis 2020 nicht erreicht werden, nicht zu erreichen sind.', 'Somit bliebe die Erreichung unserer Klimaschutzziele ein frommer Wunsch.', 'Somit bliebe die Erreichung unserer Klimaschutzziele ein frommer Wunsch.']"
37,22,"['erweiterung', 'verbesserungen', 'neue', 'ideen', 'ansätze', 'zusammenhang', 'konsequentes', 'zögerliche', 'klimarelevanten', 'drängenden', 'marktintegration', 'nachbesserungen']","['Die angesprochenen Punkte bzw. vorgeschlagenen Maßnahmen werden weder dem Spektrum der Herausforderungen gerecht, die im Zusammenhang mit dem Klimaschutz zu bewältigen sind, noch kommen neue erfolgversprechende Aspekte zur Sprache.', 'Acht Monate nach Vorlage des Berichts der Kommission „Wachstum, Strukturwandel und Beschäftigung“ – das ist einen Monat mehr, als die Kommission selber brauchte, um ein Ergebnis zu erarbeiten – haben wir zwar kein Gesetz, das eigentlich notwendig wäre, aber zumindest ein Ergebnis des sogenannten Klimakabinetts.', 'Was aber fehlt, sind neue Ideen, neue Ansätze, Verbesserungen und Erweiterungen für den Klimaschutz in unserem Land.']"
38,22,"['nordrhein', 'signal', 'berlin', 'ehrgeizigen', 'demokratie', 'gesellschaftlichen', 'klimaanpassungspolitik', 'hinaustragen', 'gesichtspunkt', 'export', 'fliehkräfte', 'einsetzt']","['Aber – das ist doch der entscheidende Punkt, und das beantwortet auch Ihre Frage – wenn wir uns hier in Deutschland, hier in Nordrhein-Westfalen auf einen Kompromiss einigen, damit wir die gesellschaftlichen Fliehkräfte im Zaum halten können und nicht die Populisten insbesondere von rechts immer mehr Raum gewinnen, und wir dann in die Welt hinaustragen, dass wir Klimaschutz und Wirtschaft vereinen können, dann haben wir eine Chance, dieses Klimaziel zu erreichen.', 'Begeisterung auslösen bedeutet nämlich auch – da danke ich dem Wirtschaftsminister –, von Entfesselung zu sprechen, davon, dass die Wirtschaft Spaß daran hat, in Nordrhein-Westfalen zu bleiben, sich an den Klimaaktivitäten zu begeistern, weil sie die Notwendigkeit sieht, aber auch Spaß daran hat, sich an diesem Fortschritt zu beteiligen, technische Innovationen zu leisten – all das haben die Vorredner von CDU und FDP gesagt, da haben Sie auch nicht zugehört – und nicht mehr die Frage zu stellen, ob es den Klimawandel gibt, sondern zu sagen, es gibt den Klimawandel, also nicht zu fragen, ob es notwendig ist, in diesem Bereich etwas zu tun – dazu komme ich gleich –, sondern, wie man es machen kann.', 'An der Stelle ist meine zentrale Frage, ob ein Klimabürgerrat in Nordrhein-Westfalen diese großen Herausforderungen wirklich mitgestalten kann oder ob wir nicht schon heute stärker auf Innovationen und auf den Export von innovativen Konzepten aus Nordrhein-Westfalen setzen müssen, um die ehrgeizigen Klimaschutzziele weltweit zu erreichen.']"
39,22,"['menschengemachten', 'klimawandel', 'mitverantwortlich', 'angeblich', 'effekt', 'einfluss', 'wissenschaft', 'natürlichen', 'unterlegen', 'nazi', 'aufgeheizte', 'angeheizt']","['Erstens gibt es einen von Menschen gemachten Klimawandel, und zweitens soll der Mensch sogenannte Klimagase reduzieren.', 'Das hat eben damit zu tun, dass es den menschengemachten Klimawandel gibt.', 'Es gibt diesen menschengemachten Klimawandel, den Einfluss des Menschen.']"
40,21,"['deutschland', 'co2', 'eingespartes', 'günstiger', 'zertifikate', 'euweiten', 'zertifikatehandel', 'länder', 'deutsche', 'einsparungen', 'reduziert', 'einsparung']","['Alles, was wir in Deutschland an CO2 sparen, können dann Länder wie Polen oder Frankreich mehr in die Luft pusten.', 'Zudem gibt es einen EUweiten Zertifikatehandel, sodass in Deutschland eingespartes CO2 einfach in Polen zusätzlich in die Luft geblasen werden kann.', 'Zudem gibt es einen EUweiten Zertifikatehandel, sodass in Deutschland eingespartes CO2 einfach in Polen zusätzlich in die Luft gepustet werden kann.']"
41,21,"['wald', 'wälder', 'landesbetrieb', 'wiederaufforstung', 'klimastabile', 'lebensraum', 'nachhaltig', 'regionalem', 'wasserfilter', 'nachwachsend', 'landesfläche', 'klimaverträglichen']","['Der Wald speichert CO2 , hält die Luft sauber und schützt das Grundwasser.', 'Wer übernimmt zu welchen Konditionen Rat und Anleitung, um genau diese Aufgaben, die jetzt der Landesbetrieb übernimmt, zu erfüllen, nämlich einen klimaverträglichen, artenreichen und gut strukturierten Wald in Nordrhein-Westfalen zu erhalten?', 'Der Wald sorgt für Sauerstoff, speichert Wasser, gleicht Temperaturen aus, ist Lebensraum für Insekten, Pilze, Vögel und Wild, schützt vor Erosion, ist Erholungsraum und speichert CO2 .']"
42,20,"['klimaaktivisten', 'parteien', 'anfrage', 'beiden', 'politiker', 'fremde', 'kandidatin', 'hindeutet', 'klimaumweltpolitik', 'absurd', 'nahezustehen', 'kohlegegner']","['Aber, Herr Pinkwart und die Kollegen von FDP und CDU, Ihren Anspruch, den Sie hier heute formuliert haben, nun die allergrößten Vorreiter beim Klimaschutz in NRW zu sein – beim besten Willen, Herr Pinkwart, die Fakten sprechen dagegen –, können Sie nicht erfüllen, allen Bekenntnissen und allem Selbstlob, das Sie sich heute wieder selbst ausgesprochen haben, zum Trotz.', 'Mindestens genauso absurd wie diese Vorstellung, dass die beiden Herren sich für Herrn Laschet interessieren oder möglicherweise auch nur wissen, dass es ihn gibt, ist aber die Vorstellung, dass diese beiden Herren oder irgendein anderer Staatschef auf der Welt eine ähnliche, ans Geisteskranke grenzende Klimaumweltpolitik verfolgen würde, wie das unsere Regierung tut.', 'Sie, meine Damen und Herren von der CDU, FDP, SPD und den Grüninnen ließen die selbsternannten Klimaaktivisten schier endlos gewähren.']"
43,20,"['verkehrswende', 'elternbeitrages', 'auseinanderzusetzen', 'zusammenfassen', 'jahrhundertaufgabe', 'glaubwürdig', 'kompliziert', 'erkennbar', 'erlebbare', 'signifikant', 'placeboanträge', 'träumen']","['Der große Wurf für eine Verkehrswende ist damit aber noch nicht verbunden.', 'Der große Wurf für eine Verkehrswende ist damit aber noch nicht verbunden.', 'Am Ende schließen Sie mit wolkigen Vorgaben ab, ohne jedoch eine einzige Idee dafür zu liefern, wie das Land die Mobilität unter Einbeziehung neuer Technologien im Sinne einer ökologischen Verkehrswende hinbekommt.']"
44,20,"['landesregierung', 'verfehlen', 'scheint', 'bundesregierung', 'demokratie', 'enttäuschung', 'aufgegeben', 'bürgermeisterinnen', 'bundesforschungsministerin', 'kommissionsberichts', 'versagt', 'desaster']","['Das Vorgehen der Landesregierung wird jedoch in der Region kritisiert, und zwar von Bürgermeisterinnen und Bürgermeistern bis hin zur Zivilgesellschaft, und zwar weil es zu wenig zielgerichtet auf die konkreten Herausforderungen, beispielsweise den Klimaschutz, aber auch auf das Ziel der Schaffung von Arbeitsplätzen ist.', 'Statt die Verkehrswende entschieden voranzutreiben – allen Inszenierungen mit Fahrradhelm und Liegerad zum Trotz –, muss man sagen, dass die Landesregierung es versäumt hat, im Bereich des Klimaschutzes zentrale Akzente zu setzen.', 'Acht Monate nach Vorlage des Kommissionsberichts kann man dieses Paket nur als Dokument des Politikversagens bezeichnen, denn es ist zulasten der nachfolgenden Generation, und wir werden damit die Klimaschutzziele krachend verfehlen.']"
45,20,"['schülerinnen', 'gegner', 'stahlarbeitern', 'unterricht', 'menschen', 'klimaschutzbewegung', 'demonstrationen', 'tausende', 'jungen', 'protestieren', 'gewaltbereite', 'proteste']","['Nicht umsonst stehen jeden Freitag Tausende Schülerinnen und Schüler für den Klimaschutz auf der Straße und fordern uns auf, endlich etwas zu unternehmen und den Ankündigungen Taten folgen zu lassen.', 'Auch die Schülerinnen und Schüler der Klimaschutzbewegung sind eben nicht die Gegner von Stahlarbeitern oder Karosseriebauern.', 'Bereits am 20. Februar dieses Jahres debattierten wir hier in einer Aktuellen Stunde im Plenum über die Freitagsdemonstrationen, die unter dem Motto „Fridays For Future“ jeden Freitag zahlreiche Schülerinnen und Schüler vom Unterricht weg auf die Straße treiben, damit sie dort ihren Klima-Krawall ausleben können.']"
46,20,"['klimaanpassung', 'klimamodell', 'temperaturanstieg', 'klimaanpassungskonzepte', 'einsetzen', 'resümiert', 'umweltprogramm', 'anpassungsstrategien', 'aussagenlogik', 'finanzströme', 'bundesumweltamtes', 'konstruktive']","['Das Klimamodell FITNAH wird aufgestellt, um die Aussagen über den Temperaturanstieg zu treffen, und stützt sich dabei auf ein Klimamodell, das den Temperaturanstieg voraussagt – einfachste Aussagenlogik.', 'Eine Klimaanpassung ist ein wesentlicher Bestandteil beim Kampf gegen den Klimawandel.', 'Eine Klimaanpassung ist ein wesentlicher Bestandteil beim Kampf gegen den Klimawandel.']"
47,20,"['investitionen', 'kommunale', 'schulen', 'hochschulen', 'ausnahme', 'radwege', 'gemeinden', 'kommunalen', 'infrastruktur', 'städten', 'altschulden', 'zukunftsinvestitionsprogramm']","['Das können sie aber nur, wenn sie von Altschulden befreit werden und es ihnen möglich ist, Investitionen langfristig zu tätigen, denn ÖPNV, Radwege und kommunale Gebäude sind ganz klare Ausweise einer modernen Infrastruktur und ermöglichen auch Teilhabe im Bereich der Klimaanpassung und des Klimaschutzes.', 'Es ist eine Ausnahme, für den Klimaschutz entsprechende Investitionen zu tätigen.', 'Es ist eine Ausnahme, für den Klimaschutz entsprechende Investitionen zu tätigen.']"
48,18,"['notwendigkeit', 'klimaschutzmaßnahmen', 'antrag', 'klimapolitik', 'fordert', 'weltrettungspolitik', 'gleichgesetzt', 'anerkennt', 'anbelangt', 'widerspricht', 'vorgeschobenes', 'irritierend']","['Ich muss sagen, es ist schon ein bisschen irritierend, wie es die AfD schafft, einerseits den menschengemachten Klimawandel zu leugnen, aber trotzdem auf das Thema aufspringt und versucht, es für sich zu instrumentalisieren.', 'Und weil die AfD keine Ideen oder Antworten zum Klimawandel hat, fällt sie landauf, landab allein durch merkwürdige Statements von Ehrenamtlern und Funktionären zu diesem Thema auf.', 'Einerseits verkennt die AfD die Notwendigkeit von Klimaschutz, fordert die Abschaffung aller CO2-Ziele und lässt wissenschaftliche Erkenntnisse in Bezug auf den Klimawandel einfach außer Acht.']"
49,18,"['versorgungssicherheit', 'bezahlbarkeit', 'bezahlbare', 'energiesystem', 'bezahlbar', 'energie', 'anlagestrategie', 'projektschäden', 'konfliktfreie', 'stabilität', 'absicherung', 'energiemix']","['Es geht um Versorgungssicherheit, Klimaschutz und bezahlbare Energie.', 'Es geht um Versorgungssicherheit, um Klimaschutz und um bezahlbare Energie.', 'Das ist Bezahlbarkeit, das ist Versorgungssicherheit, und das ist Klimaschutz.']"
50,17,"['bundesverfassungsgerichts', 'beschluss', 'klimaschutzgesetz', 'april', 'landtagsfraktion', 'landesregierung', 'rotgrünen', 'klimaschutzplan', 'grün', 'klagerechte', 'gesetzgebers', 'rodungsstopp']","['Mit dem Beschluss des Bundesverfassungsgerichts zum Klimaschutzgesetz des Bundes haben die Richterinnen und Richter dem Gesetzgeber aufgetragen, die Regelungen zur Treibhausgasminderung so zu treffen, dass sie die Freiheit der jungen Generationen nicht weiter einschränken.', 'Es gab im April dieses Jahres den Beschluss des Bundesverfassungsgerichts, wonach klar sein musste, dass die Bundesregierung ihre Klimaschutzziele anpasst.', 'Dazu gehört der gerichtlich verfügte Rodungsstopp des Hambacher Waldes vor drei Jahren oder auch der Beschluss des Bundesverfassungsgerichts im April dieses Jahres, nachdem die Bundesregierung dann eilends die Klimaschutzziele notdürftig nachgebessert hat.']"
51,17,"['wälder', 'ökosystem', 'übersehen', 'auswirkt', 'anerkennung', 'wertverlust', 'forstwirtschaft', 'waldsterben', 'nichtnaturverjüngung', 'waldlandschaften', 'waldbränden', 'waldbesitzern']","['Aber dadurch, dass die auf Generationen angelegten Waldlandschaften sich innerhalb von ein bis zwei Jahren so dramatisch verändern, sind im Wald die Auswirkungen des Klimawandels sichtbarer als sonst wo in unserem Land.', 'Vielleicht liegt es daran, dass Sie so Ihre Probleme mit der Anerkennung des Klimawandels und damit haben, dass er sich in den letzten Jahren dramatisch verändert hat und wir darauf eben auch im Wald reagieren müssen.', 'Klar ist auch die Tatsache, die viele nicht wahrhaben wollten, dass wir nämlich einen Wandel des Klimas haben, auf den sich der Wald einstellen muss und bei dem wir als Politik dem Wald sowie den Waldbesitzerinnen und Waldbesitzern helfen müssen, um das zu schaffen.']"
52,17,"['klimabürgerrat', 'klimadiplomatie', 'radikalisierung', 'wohlstandsverwahrloste', 'klimakolonialismus', 'gendersternchen', 'machten', 'geäußert', 'klimanetzwerke', 'klimaschutz', 'bundesverband', 'prioritäre']","['Nennen wir die eine Denkschule einmal „Denkschule der Radikalisierung des Klimaschutzes“.', 'Auch der Ministerpräsident hat sich vor einiger Zeit schon öffentlich zur besonderen Bedeutung von Klimadiplomatie geäußert, zum anderen werden in den entwicklungspolitischen Schwerpunkten beispielsweise der Umwelt- und Klimaschutz als prioritäre Handlungsfelder genannt.', 'So ist dieser Antrag zur sogenannten Klimadiplomatie bezeichnenderweise auch eingereicht worden, als sich alle anderen Parteien hier Gedanken zum Kurzarbeitergeld, zu Soforthilfen für Unternehmen und anderen dringliche Probleme machten, aber die kennt der üblicherweise wohlstandsverwahrloste']"
53,16,"['regelung', 'autos', 'steuer', 'co2', 'mehrwertsteuersenkung', 'kostengünstigsten', 'treibhausgaseinsparung', 'treibhausgasminderungsquote', 'sektorengrenzen', 'einzelmaßnahmen', 'aufkommensneutralität', 'pauschalität']","['Immer mehr parallel laufende, nicht aufeinander abgestimmte und sich teilweise sogar widersprechende Einzelmaßnahmen führen jedoch gerade nicht zu einem aktuell nennenswerten Fortschritt bei der CO2 Reduktion.', 'Dazu passt nicht, dass auf Bundesebene bereits jetzt Debatten darüber geführt werden, ob der CO2 Ausstoß und die Regelung der Europäischen Union bei den Autos anzurechnen sind.', 'Dazu passt allerdings nicht so ganz die morgige Aktuelle Stunde, bei der die Fraktion der SPD auf eine isolierte schnelle Regelung der CO2-Bepreisung drängen wird, deren angestrebte Aufkommensneutralität im Übrigen auch noch nicht hinreichend dargelegt ist.']"
54,16,"['verantwortung', 'arbeiten', 'alternativ', 'klimaschädigung', 'bestimmender', 'disziplinarmaßnahmen', 'handicap', 'hausaufgaben', 'lebensstil', 'ordnungsrecht', 'politikerinnen', 'regierungsverantwortung']","['So wie sie über viele Jahre und Jahrzehnte hinweg die Verantwortung für die sichere Energieversorgung unseres Landes hatten, haben sie jetzt eine besondere Verantwortung und sind bereit, diese wahrzunehmen – auch mit dem Willen zur Transformation – hin zu einem besonderen Klimaschutz, der von unserem Land ausgeht.', 'Wir tragen eben nicht nur die Verantwortung für Umwelt und Klima – ja, das auch –, wir tragen aber auch und vor allem die Verantwortung für die Menschen, die bei uns im Rheinischen Revier leben und arbeiten, und ihren gesamten Familien.', 'Neben der Verantwortung für den Klimaschutz haben wir aber auch Verantwortung für die Menschen.']"
55,15,"['umweltbundesamt', 'wissenschaftler', 'aussagen', 'glauben', 'leugnen', '1882', 'statistischen', 'meteorologischen', 'fragezeichen', 'leugnende', 'klimatologische', 'klimatologen']","['Befürchtet man also, dass das eigene naturwissenschaftliche Projekt keine Förderung erfahren wird, hängt man „in Zeiten der Klimakrise“ oder „unter Genderaspekten“ an den Titel der ursprünglichen Forschungshypothese an und hofft darauf, noch in dieses oder jenes Förderpaket hineinrutschen zu können.', 'Wenn Sie schon den Klimatologen nicht glauben, glauben Sie vielleicht dem Umweltbundesamt, laut dem es bisher eben nicht möglich ist – Zitat –, „statistisch gesicherte klimatologische Aussagen über Änderungen von Starkniederschlagsereignissen zu treffen.“', 'Ginger Spice und der 1882 verstorbene Naturwissenschaftler Darwin sollen die 1999 verfasste und den Klimawandel leugnende Oregon-Petition unterschrieben haben, die die AfD hier als Kronzeuge für ihre Klimaleugnertheorie anführt.']"
56,15,"['sozialdemokraten', 'sozialdemokratinnen', 'soziale', 'klimapolitik', 'akzeptanz', 'sozialen', 'normen', 'christlichen', 'aktivistin', 'südorganisation', 'sozialverträglichkeit', 'sklavenarbeit']","['Klimapolitik ist für uns Sozialdemokratinnen und Sozialdemokraten eine Politik für viele.', 'Wir müssen in der Umwelt- und Klimapolitik immer die soziale Frage – das ist für Sozialdemokraten klar – im Blick behalten.', 'Die Aktivistin der ‚Christlichen Initiative Romero‘, einer Nord-SüdOrganisation aus Münster, hatte jahrelang dafür gekämpft, dass das Land bei der Vergabe von öffentlichen Aufträgen ‚eine Vorbildfunktion erfüllt‘ – und etwa internationale Normen für nachhaltige Entwicklung, Klimaschutz oder zum Verbot von Kinder- und Sklavenarbeit einhält.']"
57,15,"['landwirtschaft', 'landwirte', 'verbraucher', 'einkommensverbesserung', 'anzubauen', 'ernährt', 'informieren', 'tierische', 'hungernde', 'ökoideologische', 'landwirtschaftliche', 'landwirtschaftssystem']","['So behaupten Sie, die regionale Landwirtschaft könne einen positiven Beitrag zur Erreichung der sogenannten Klimaziele und zur Nachhaltigkeitsstrategie 2020 leisten.', 'Es werden sogar Äcker genutzt, um dort Mais anzubauen, der später nicht als Nahrungsmittel für hungernde Kinder genutzt wird, sondern zur sogenannten Rettung des Klimas an der Tankstelle beigemischt wird.', 'Die kurzen Wege leisten nicht nur einen großen Beitrag zum Klimaschutz und dem bewussten Konsum von Lebensmitteln, sondern auch einen Beitrag zur Einkommensverbesserung der Landwirte.']"
58,15,"['diesel', 'weniger', 'benziner', 'dieselmotoren', 'geringer', 'stickoxid', 'lkw', 'benzin', 'gummi', 'kraftstoff', 'großgüterbinnenschiff', 'emissionsärmeren']","['Das geht vor allem mit Treibstoffen, die weniger CO2 freisetzen, als Benzin und Diesel das heute tun.', 'Das Fraunhofer Institut ISI hat kürzlich veröffentlicht, dass Biomethan schon heute die beste Treibhausgasbilanz aller Antriebssysteme aufweist – und das zu Preisen, die geringer sind als beim Diesel.', 'Sowohl im Vergleich mit Benzin als auch mit Diesel ergeben sich deutliche Einsparpotenziale hinsichtlich der Emission von CO2 , Feinstaub und Stickoxid.']"
59,15,"['pflanzen', 'lebensgrundlage', 'pflanzenwachstum', 'wachsen', 'co2', 'stoffwechsel', 'optimum', 'lebenselixier', 'ppm', 'nahrungsmittelgewinn', 'experimente', 'minimum']","['Sie ignorieren völlig, dass CO2 eine Lebensgrundlage für Pflanzen und Bäume darstellt.', 'Der optimale CO2-Anteil bei den sogenannten C3-Pflanzen – dazu zählen Getreide, Kartoffeln und alle Baumarten – liegt sogar bei 800 bis 1.600 ppm und damit beim Doppelten bis Vierfachen der aktuellen CO2 Konzentration, die erdgeschichtlich immer noch auf einem extremen Minimum ist.', 'CO2 ist die Lebensgrundlage aller Bäume und Pflanzen auf der Welt.']"
60,14,"['klimaschutzgesetz', 'pflicht', 'strukturhilfen', 'klimaschutzgesetzes', '2013', 'nordrhein', 'bundes', 'industrieland', 'fortschreibung', 'vorangegangen', 'verbindlich', 'zuständigkeit']","['Das bedeutet, die Strukturhilfen sollten verbindlich an Maßnahmen zum Klimaschutz durch ganz konkretes Abschalten von 3 GW bei uns im Rheinischen Revier gekoppelt und miteinander verzahnt werden.', 'Wir sollten uns als Land Nordrhein-Westfalen ebenso intensiv dafür einsetzen, wie wir uns für die entsprechenden Strukturhilfen eingesetzt haben, dass es zu einem ordentlichen Kohleausstiegsgesetz und zu einem ordentlichen Klimaschutzgesetz kommt – nach den Maßgaben, die in der Kommission miteinander verabredet worden sind.', 'In § 6 Abs. 2 des geltenden Klimaschutzgesetzes ist die Pflicht zur Fortschreibung des Klimaschutzplans festgehalten und in § 8 Abs. 1 die Pflicht zum Monitoring.']"
61,14,"['fdp', 'cdu', 'minister', 'vermutet', 'polemisieren', 'landtagswahlkampf', 'angepassten', 'regierungstragenden', 'schimpfen', 'ausmalen', 'empfunden', 'wahlkampfhilfe']","['CDU und FDP übernehmen Verantwortung für das Klima und für die Zukunft unserer Kinder.', 'So dürfte auch der Antrag von CDU und FDP zum European Green Deal vor allem von all denen empfunden werden, die sich intensiver mit Umwelt- und Klimapolitik auseinandersetzen.', 'CDU und FDP halten weiterhin an den Klimaschutzzielen fest.']"
62,14,"['gefährden', 'schadet', 'arbeitsplätze', 'energiewende', 'industriefeindliches', 'fahrverboten', 'münsterlandes', 'planwirtschaftliche', 'gefährdung', 'industriearbeitsplätzen', 'windenergiewende', 'handwerksbetriebe']","['Damit gefährden Sie die Energiewende in NRW.', 'Aber durch die Politik der letzten Jahrzehnte drohen ein Verlust weiterer Branchen, Energiepreise auf Rekordniveau, bürokratische Hürden für den Mittelstand, was ich als Abgeordneter des Münsterlandes sehr beklage, und ein generell industriefeindliches Klima, dazu in weiten Teilen planwirtschaftliche Eingriffe in den Markt bei der Energiepolitik und beim Autobau.', 'Sie gefährden die Energiewende, Sie gefährden die Sicherung von Industriearbeitsplätzen, und Sie gefährden auch kommunale Wertschöpfung.']"
63,14,"['gelder', 'modellkommune', 'bundesbehörde', 'angesiedelt', 'werdenden', 'ausgabereste', 'zusätzliches', 'klimaschutzmanagern', 'ressourceneinsparung', 'steuerlichen', 'entlastungen', 'problembauten']","['Bestes Negativbeispiel ist die Modellkommune Duisburg, die Fördergelder in Höhe von 15 Millionen Euro vom Land bekommt, jedoch nicht etwa für Problembauten, sondern allein für sogenannte klimagerechte Sanierung.', 'Übrigens – das ist gerade schon angesprochen worden – kommt ja noch einmal zusätzliches frisches Geld in die kommunale Familie, indem Ausgabereste genutzt werden – hier nenne ich die Klima- und Forstpauschale –, um genau dort noch einmal ansetzen zu können.', 'Wieder einmal geht es um mehr Geld, mehr Geld für die Kommunen, damit diese sich Hunderte von sogenannten Klimaschutzmanagern leisten können.']"
64,13,"['km', 'regelgeschwindigkeit', 'tempolimit', 'fahren', 'autos', 'tonnen', 'belastung', 'co2', 'elektrofahrzeuges', 'verbranntes', 'lebensdauer', 'fahrleistung']","['Wenn man die Stromerzeugung einberechnet, kommen wir ungefähr auf 21 oder 22 Gramm CO2-Belastung versus 33 Gramm CO2-Belastung bei der Diesellok.', 'Bei einem Tempolimit von 130 km/h für Pkws haben wir ein CO2-Einsparpotenzial von bis zu 2 Millionen Tonnen, bei einem Tempolimit von 120 km/h wären es sogar 3 Millionen Tonnen.', 'Beispielsweise müsste ein Tesla bis zu 200.000 km fahren, bis er den enormen CO2 Nachteil aus seiner Produktion gegenüber dem Diesel wieder aufgeholt hätte.']"
65,12,"['china', 'chinesen', 'usa', 'russland', 'abkommen', 'kohlekraftwerkskapazitäten', 'braunkohlekraftwerk', 'photovoltaikanlage', 'milliarden', 'co2', 'erzeugten', 'ausweiten']","['China und Indien mit zusammen 35 % des menschengemachten CO2-Ausstoßes machen nicht mit.', 'Die Hauptquellen für die 5 % verbleibenden, von Menschen erzeugten CO2 Emissionen bilden China, die USA, Indien und Russland mit einem Anteil von zusammen deutlich mehr als 50 % dieser Emissionen.', 'Die größten Emittenten wie China, Indien, Russland und USA machen da nicht mit – immerhin 55 % des menschengemachten CO2 .']"
66,12,"['aufgabenstellung', 'pflichtaufgabe', 'verändern', 'kommunen', 'dringend', 'breitenförderung', 'speicherinfrastruktur', 'effektivität', 'harmonisierung', 'nachhaltigkeit', 'stadtplanung', 'erforderliche']","['Legen Sie den Kommunen keine zusätzlichen Steine in den Weg, sondern unterstützen Sie uns, den Herausforderungen des Klimawandels mit Vernunft, mit Einfallsreichtum und eben auch mit Effektivität gemeinsam mit den Vertretern vor Ort zu begegnen.', 'Hier müssen wir in der Tat überlegen – und ich rege das dringend an –, die Aufgabenstellung der Kommunen stärker in Richtung „Pflichtaufgabe Klimaschutz“ zu verändern.', 'Hier müssen wir in der Tat überlegen – und ich rege das dringend an –, die Aufgabenstellung der Kommunen stärker in Richtung „Pflichtaufgabe Klimaschutz“ zu verändern.']"
67,12,"['generation', 'generationen', 'politik', '2045', 'weltretter', 'freiheiten', 'lebenschancen', 'fairness', 'berechtigung', 'solidarischen', 'menschen', 'zukünftiger']","['Sie sprechen weiterhin davon, die jetzige Generation hätte eine Verantwortung für zukünftige Generationen und für lebenswerte klimatische Bedingungen, und zwar auf der ganzen Erde.', 'Wir müssen in unserer Generation jetzt tun, was wir können, und den Weg und die Weichen so stellen, damit Klimaschutz erfolgreich funktionieren kann und wir 2045 dann auch wirklich klimaneutral sind.', 'Wir müssen in unserer Generation jetzt tun, was wir können, und den Weg und die Weichen so stellen, damit Klimaschutz erfolgreich funktionieren kann und wir 2045 dann auch wirklich klimaneutral sind.']"
68,12,"['1990', 'treibhausgasen', '31', 'verringert', 'jahr', 'ausstoß', 'rückgang', '2017', 'kraftwerke', '2020', 'stilllegung', 'heizkraftwerk']","['Der Ausstoß von Treibhausgasen wird bei Beibehaltung der aktuellen Bundespolitik bis zum Jahr 2020 gegenüber 1990 lediglich um 30 bis 31 % zurückgehen.', '„Der zu erwartende Rückgang der Emissionen im Jahr 2020 lässt sich überwiegend mit einer Reduzierung der Kohleverstromung, u. a. in Folge der erfolgreichen Reform des europäischen Emissionshandels, der Stilllegung großer Kraftwerke wie dem Steag Kraftwerk Lünen oder dem Heizkraftwerk Elberfeld sowie einer insgesamt geringeren Auslastung der Kraftwerke, vor allem durch einen durch die Lockdown-Maßnahmen bedingten Rückgang des Bruttostromverbrauchs, erklären“.', 'Der Ausstoß von Treibhausgasen hat sich allerdings – das geben wir zu, das ist auch so – von 1990 bis 2018 nur um 31 % verringert.']"
69,12,"['treibhausgasneutralität', 'wenigsten', 'konsum', 'klimaschonend', 'klimafreundlichen', 'bedürfnissen', 'lärmschutz', 'haushaltsführung', 'klimabewusst', 'umweltberufen', 'ressourcenschonend', 'angebote']","['Transformation hin zu Treibhausgasneutralität wird es geben, aber sie darf nicht überproportional diejenigen belasten, die im Verhältnis weniger haben.', 'Die Transformation hin zur Treibhausgasneutralität darf nicht diejenigen überproportional belasten, die im Verhältnis am wenigsten haben.', 'Die Transformation zu einer Treibhausgasneutralität darf nicht diejenigen überproportional belasten, die im Verhältnis am wenigsten haben.']"
70,12,"['verharmlosen', 'usamerikanische', 'fataler', 'weltsicht', 'jahrhundert', 'weltfremd', 'präsident', 'abzuschaffen', 'zurückziehen', 'unfug', 'trump', 'dennoch']","['Wenn man natürlich eine solche Weltsicht in sich trägt, dass Klimaschutz völlig überflüssig, weltfremd und auch nicht notwendig ist, dann kommt man natürlich auch zu Ihren entsprechenden Forderungen.', 'Wenn Sie wirklich glauben, dass die Klimaschutzziele sinnvoll sind – und das glauben Sie ja angeblich, und Sie denken auch, all das sei menschengemacht –, müssten Sie eigentlich den Unfug der EnEV weitertreiben.', '„Umso fataler ist es, dass sich der USamerikanische Präsident Trump … großspurig aus dem Pariser Klimaschutzabkommen zurückziehen will, …“ Liebe GrünInnen, mit Ihrem Freund-Feind-Schema haben Sie sich längst aus einer sachlichen Diskussion verabschiedet.']"
71,12,"['nachrangig', 'zeit', 'umweltschutz', 'wikipedia', 'bahnanlagen', 'voussem', 'meerestechnik', 'vegetation', 'geschädigter', 'sturmfreie', 'dasteht', 'reuter']","['Wir als SPD-Fraktion vergleichen dieses Klimaschutzgesetz mit einem Kissen, auf dem sich die Landesregierung den Rest der Wahlperiode – so viel Zeit ist ja gar nicht mehr – ausruhen möchte.', 'In Ihrem Antrag „Sturmfreie Schiene“ stellen Sie dann die positive Causa einer Senkung von CO2 Emissionen mit einem konsequenten Rückschnitt von geschädigter und kranker Vegetation an Bahnanlagen in Zusammenhang.', 'Sie rücken die Themen Schiffbau, Hafenwirtschaft, Seeschifffahrt, Meerestechnik, aber auch den Klima- und Umweltschutz in das öffentliche Interesse, wie Sie in Ihrem Antrag aus Wikipedia richtig zitiert haben, liebe Kollegen der SPD.']"
72,11,"['40', '2020', 'verfehlt', 'deutschland', 'deutschen', 'klimaschutzziele', 'reduzieren', 'wwf', 'mitregierten', 'regierten', 'eugesetzgebung', 'deutschlandweiten']","['Wir werden das selbstgesteckte Ziel in Deutschland nicht erreichen, die CO2-Emissionen bis 2020 um 40 % zu reduzieren.', 'Wir werden in Deutschland das selbst gesteckte Ziel der CO2-Reduzierung bis 2020 um 40 % nicht erreichen – und das, obwohl, um Klaus Töpfer zu zitieren, was ich an dieser Stelle gerne tue, wir Industrieländer diese Probleme geschaffen haben und auch die Verantwortung für die Lösung tragen.', 'Die deutschen Klimaschutzziele mit einem Minus von 40 % gegenüber 1990 lassen sich bis 2020 nicht erreichen.']"
73,11,"['deutschlands', 'unterwerfung', 'deutschland', 'weltklima', 'leisten', 'grundrechtseinschränkungen', 'postuliert', 'klimakabinett', 'aufsichtsräte', 'willkürlichen', 'verpflichtung', 'moralische']","['Außerdem muss man an dieser Stelle feststellen, dass die Arbeitnehmerinnen und Arbeitnehmer im Rheinischen Revier und im Ruhrgebiet dadurch ebenfalls eine große Leistung für den Klimaschutz in Deutschland erbringen, und wir sind zu Dank verpflichtet, dass sie diesen Beitrag leisten.', 'Heute werden als hoch moralische Ziele die Verpflichtung Deutschlands zur bedingungslosen Aufnahme von Menschen aus aller Herren Länder postuliert, die bedingungslose Unterwerfung Deutschlands unter nicht gewählte EUBürokraten, die Deindustrialisierung Deutschlands wegen des Wahns, das Weltklima durch Deutschland retten zu wollen, und natürlich die Unterwerfung jedes einzelnen Menschen unter die willkürlichen Grundrechtseinschränkungen aus angeblich medizinischen Gründen.', 'Anscheinend will die Mehrzahl deutscher Politiker aber primär das Weltklima ändern, Aufsichtsräte von Unternehmen nach biologischen Kriterien besetzen und jedes Nomen mit einem Sternchen versehen.']"
74,11,"['straßenverkehr', 'verkehrssektor', 'verkehr', 'verkehrsvorhaben', 'kraftwerksblöcken', 'autobahnen', 'effektive', 'elektrolastenräder', 'modellversuch', 'energiegehalt', 'emissionsfreien', 'wirtschaftsministeriums']","['Der Vorstoß des Wirtschaftsministeriums, Elektrolastenräder mit 30 % bis 60 % zu fördern, ist dafür genau richtig und leistet einen großen Beitrag dazu, den Verkehr in der Masse klimaneutraler zu gestalten.', 'Der vorliegende Antrag stellt die bestehenden Verkehrsvorhaben auf Landes- und auf Bundesebene infrage und begründet dies mit Einsparungen beim Ausstoß von CO2 im Straßenverkehr.', 'Warum soll die Landesregierung einen Modellversuch auf Autobahnen mit Tempo 130 starten und nach zwei Jahren das Unfallgeschehen und den CO2-Ausstoß evaluieren, wenn doch laut Ihrer grünen Ideologie ein Tempolimit automatisch zu mehr Verkehrssicherheit und Umweltschutz führt?']"
75,11,"['gewehrt', 'widerstände', 'argument', 'debatte', 'ausgleich', 'sozialdemokraten', 'bundessregierung', 'klimaschadensgesetz', 'deppe', 'entdemokratisierung', 'durchzubringen', 'sozialem']","['In der Debatte im Landtag haben wir Sozialdemokratinnen und Sozialdemokraten uns immer für einen höheren CO2-Preis mit sozialem Ausgleich ausgesprochen.', 'Wir haben nämlich aus den Verhandlungen gehört, dass es einerseits extreme Widerstände aus der Union, aber eben auch extreme Widerstände aus der SPD gab, die Veränderungen durchzubringen, den CO2-Preis zu erhöhen, was dringend notwendig ist, um überhaupt eine Wirkung zu erreichen.', 'Als die Diskussion zum Klimaschutzgesetz der Bundessregierung geführt wurde, hätten wir uns als SPD-Fraktion ohne Zweifel definitiv für einen höheren CO2-Preis ausgesprochen, wenn der Ausgleich mit der Klimaprämie gekommen wäre.']"
76,11,"['eigenheim', 'nichtversteher', 'energiewendepolitik', 'kohleausstiegsfantastereien', 'parlaments', 'solaranlage', 'fabrik', 'oberschichtenwähler', 'herum', 'arbeitslosen', 'wähler', 'nützt']","['Aber die 9.000 Arbeitslosen bei STEAG und die 1.800 bei Continental sind für Sie wahrscheinlich einfach nur Energiewende-Nichtversteher.', 'Die Oberschichtenwähler interessieren sich sowieso nicht für die Malocher in der Fabrik, die aufgrund Ihrer Klimapolitik ihre Arbeitsplätze verlieren, Wähler wie zum Beispiel eine Lehrerin, die sich eine Solaranlage auf ihr Eigenheim packt und in der Garage ihr Elektroauto auflädt.', 'Wir hauen das Geld in Deutschland einfach für die Energiewende raus – ganz egal, ob es etwas nützt oder nicht.']"
77,11,"['rheinische', 'kohleausstieg', '2028', 'schultert', 'westfalen', 'nordrhein', 'metropole', 'gesamtdeutschen', 'deutschen', 'großen', 'ruhr', 'steinkohleausstieg']","['Aber Nordrhein-Westfalen geht beim Kohleausstieg deutlich voran.', 'Beim Kohleausstieg geht Nordrhein-Westfalen voran.', 'Beim Kohleausstieg geht Nordrhein-Westfalen voran.']"
78,10,"['vorankommen', 'schneller', 'umsetzungsschritte', 'grad', 'zugunsten', 'tourismus', 'hinausgehen', 'brauchen', 'rückhalt', 'klimaschutzaktivitäten', 'begrenzen', 'erwärmung']","['Dann wird uns der Rückhalt in der Bevölkerung für notwendige Veränderungen zugunsten des Klimaschutzes schneller abhandenkommen, als das Wort „Klimaschutz“ zu buchstabieren ist.', 'Für uns alle ist doch klar, dass wir im Bereich Klimaschutz dringend vorankommen müssen, und vor allen Dingen, dass es zwei Bereiche gibt, die bei der Notwendigkeit, Klimaschutzziele zu erreichen, Emissionen einzusparen, in den letzten Jahren wenig bis gar nichts beigetragen haben.', 'Die Bürgerinnen und Bürger in diesem Land erwarten, dass wir in Sachen Klimaschutz vorankommen, und zwar schneller vorankommen.']"
79,10,"['nordrhein', 'westfalen', 'potenzial', 'großes', 'jahr', 'nachhaltigen', 'könnten', 'einzuwenden', 'berg', 'planerischen', 'klimamanagement', 'hochschule']","['Der Standort Höxter der Hochschule Ostwestfalen-Lippe hat mit seinem spezifischen Profil im technischen und planerischen Umweltsektor, der Informatik, dem Klimamanagement und der nachhaltigen Ressourcennutzung großes Potenzial, sich den Herausforderungen und Chancen gerade ländlicher Räume anzunehmen.', 'Es wäre schön, wenn Sie mal ein Mengengerüst für Nordrhein-Westfalen darstellen könnten, was Klimaneutralität der EU bezogen auf Nordrhein-Westfalen im Jahr 2030, im Jahr 2050 heißt.', 'Es wäre schön, wenn Sie mal ein Mengengerüst für Nordrhein-Westfalen darstellen könnten, was Klimaneutralität der EU bezogen auf Nordrhein-Westfalen im Jahr 2030, im Jahr 2050 heißt.']"
